{
  "metadata": {
    "source": "六维度语义数据库",
    "description": "17,940个词的6维语义评分（视觉、社交、情感、时间、空间、动作）",
    "dimensions": [
      "vision",
      "socialness",
      "emotion",
      "time",
      "space",
      "motor"
    ],
    "total_words": 17940,
    "note": "完整数据太大，仅保存元数据和示例。如需完整数据请单独提取。"
  },
  "sample_data": {
    "施肥": {
      "vision": 4.133333333,
      "socialness": 1.5,
      "emotion": 0.666666667,
      "time": 1.8,
      "space": 3.0,
      "motor": 3.666666667
    },
    "走": {
      "vision": 3.2,
      "socialness": 1.2,
      "emotion": 0.233333333,
      "time": 2.066666667,
      "space": 4.966666667,
      "motor": 5.366666667
    },
    "房间": {
      "vision": 4.4,
      "socialness": 1.466666667,
      "emotion": 0.233333333,
      "time": 1.066666667,
      "space": 6.633333333,
      "motor": 2.4
    },
    "眼泪": {
      "vision": 5.233333333,
      "socialness": 1.266666667,
      "emotion": -3.333333333,
      "time": 1.233333333,
      "space": 1.533333333,
      "motor": 5.233333333
    },
    "亲戚": {
      "vision": 3.433333333,
      "socialness": 6.1,
      "emotion": 1.266666667,
      "time": 1.1,
      "space": 1.266666667,
      "motor": 1.966666667
    },
    "内容": {
      "vision": 1.233333333,
      "socialness": 1.266666667,
      "emotion": 0.133333333,
      "time": 1.033333333,
      "space": 1.333333333,
      "motor": 1.2
    },
    "同学": {
      "vision": 3.5,
      "socialness": 6.2,
      "emotion": 1.366666667,
      "time": 1.533333333,
      "space": 1.3,
      "motor": 2.333333333
    },
    "寻找": {
      "vision": 1.666666667,
      "socialness": 3.233333333,
      "emotion": -0.9,
      "time": 2.1,
      "space": 4.7,
      "motor": 3.466666667
    },
    "衣服": {
      "vision": 4.866666667,
      "socialness": 1.233333333,
      "emotion": 0.366666667,
      "time": 1.066666667,
      "space": 1.7,
      "motor": 4.6
    },
    "退休": {
      "vision": 2.2,
      "socialness": 3.466666667,
      "emotion": 1.133333333,
      "time": 4.933333333,
      "space": 1.3,
      "motor": 2.333333333
    },
    "安慰": {
      "vision": 2.3,
      "socialness": 5.9,
      "emotion": 1.566666667,
      "time": 1.366666667,
      "space": 1.266666667,
      "motor": 3.8
    },
    "增强": {
      "vision": 1.266666667,
      "socialness": 1.766666667,
      "emotion": 2.033333333,
      "time": 1.333333333,
      "space": 1.3,
      "motor": 1.533333333
    },
    "专家": {
      "vision": 3.3,
      "socialness": 4.266666667,
      "emotion": 0.933333333,
      "time": 1.333333333,
      "space": 1.4,
      "motor": 2.033333333
    },
    "死": {
      "vision": 3.2,
      "socialness": 1.533333333,
      "emotion": -5.333333333,
      "time": 3.866666667,
      "space": 1.4,
      "motor": 4.666666667
    },
    "电影": {
      "vision": 4.533333333,
      "socialness": 3.8,
      "emotion": 1.5,
      "time": 2.433333333,
      "space": 2.533333333,
      "motor": 3.2
    },
    "拒绝": {
      "vision": 2.266666667,
      "socialness": 5.5,
      "emotion": -2.966666667,
      "time": 1.133333333,
      "space": 1.266666667,
      "motor": 4.1
    },
    "影响": {
      "vision": 1.4,
      "socialness": 4.233333333,
      "emotion": -0.066666667,
      "time": 1.533333333,
      "space": 1.133333333,
      "motor": 1.6
    },
    "撒娇": {
      "vision": 3.166666667,
      "socialness": 5.4,
      "emotion": 2.033333333,
      "time": 1.133333333,
      "space": 1.466666667,
      "motor": 4.533333333
    },
    "朋友": {
      "vision": 3.1,
      "socialness": 6.233333333,
      "emotion": 3.066666667,
      "time": 1.1,
      "space": 1.333333333,
      "motor": 2.566666667
    },
    "害怕": {
      "vision": 2.1,
      "socialness": 1.766666667,
      "emotion": -3.666666667,
      "time": 1.1,
      "space": 1.1,
      "motor": 3.966666667
    },
    "吃": {
      "vision": 3.2,
      "socialness": 1.266666667,
      "emotion": 1.7,
      "time": 1.5,
      "space": 1.833333333,
      "motor": 5.366666667
    },
    "蔬菜": {
      "vision": 5.266666667,
      "socialness": 1.066666667,
      "emotion": 0.666666667,
      "time": 1.033333333,
      "space": 1.5,
      "motor": 3.133333333
    },
    "强迫": {
      "vision": 1.866666667,
      "socialness": 5.0,
      "emotion": -3.433333333,
      "time": 1.133333333,
      "space": 1.166666667,
      "motor": 2.5
    },
    "结婚": {
      "vision": 4.066666667,
      "socialness": 6.5,
      "emotion": 4.0,
      "time": 2.766666667,
      "space": 2.3,
      "motor": 4.433333333
    },
    "黑": {
      "vision": 4.233333333,
      "socialness": 1.033333333,
      "emotion": -0.866666667,
      "time": 1.1,
      "space": 1.333333333,
      "motor": 2.433333333
    },
    "反省": {
      "vision": 1.733333333,
      "socialness": 1.766666667,
      "emotion": -1.333333333,
      "time": 1.566666667,
      "space": 1.333333333,
      "motor": 2.033333333
    },
    "参加": {
      "vision": 1.666666667,
      "socialness": 5.166666667,
      "emotion": 0.566666667,
      "time": 1.8,
      "space": 2.6,
      "motor": 1.966666667
    },
    "拥挤": {
      "vision": 3.5,
      "socialness": 6.033333333,
      "emotion": -2.466666667,
      "time": 1.366666667,
      "space": 5.3,
      "motor": 3.366666667
    },
    "声音": {
      "vision": 1.866666667,
      "socialness": 1.566666667,
      "emotion": 0.233333333,
      "time": 1.166666667,
      "space": 1.5,
      "motor": 2.1
    },
    "切": {
      "vision": 2.333333333,
      "socialness": 1.233333333,
      "emotion": -0.333333333,
      "time": 1.1,
      "space": 2.133333333,
      "motor": 4.533333333
    },
    "题材": {
      "vision": 1.6,
      "socialness": 1.2,
      "emotion": 0.133333333,
      "time": 1.033333333,
      "space": 1.133333333,
      "motor": 1.233333333
    },
    "邀请": {
      "vision": 2.166666667,
      "socialness": 5.766666667,
      "emotion": 1.333333333,
      "time": 1.666666667,
      "space": 2.2,
      "motor": 2.7
    },
    "旅行": {
      "vision": 3.566666667,
      "socialness": 3.6,
      "emotion": 2.866666667,
      "time": 3.066666667,
      "space": 6.566666667,
      "motor": 3.033333333
    },
    "刻板": {
      "vision": 2.1,
      "socialness": 2.066666667,
      "emotion": -2.266666667,
      "time": 1.2,
      "space": 1.233333333,
      "motor": 1.6
    },
    "计划": {
      "vision": 1.566666667,
      "socialness": 1.666666667,
      "emotion": 0.3,
      "time": 3.133333333,
      "space": 1.5,
      "motor": 1.633333333
    },
    "频率": {
      "vision": 1.633333333,
      "socialness": 1.033333333,
      "emotion": 0.066666667,
      "time": 4.6,
      "space": 1.3,
      "motor": 1.266666667
    },
    "音乐": {
      "vision": 2.9,
      "socialness": 1.666666667,
      "emotion": 2.233333333,
      "time": 1.6,
      "space": 1.7,
      "motor": 3.333333333
    },
    "开始": {
      "vision": 1.5,
      "socialness": 1.166666667,
      "emotion": 0.266666667,
      "time": 4.566666667,
      "space": 1.366666667,
      "motor": 1.666666667
    },
    "叫": {
      "vision": 2.366666667,
      "socialness": 1.333333333,
      "emotion": -0.7,
      "time": 1.133333333,
      "space": 1.566666667,
      "motor": 4.1
    },
    "安全": {
      "vision": 1.833333333,
      "socialness": 1.9,
      "emotion": 3.133333333,
      "time": 1.033333333,
      "space": 1.533333333,
      "motor": 1.7
    },
    "水": {
      "vision": 5.966666667,
      "socialness": 1.133333333,
      "emotion": 0.233333333,
      "time": 1.033333333,
      "space": 2.633333333,
      "motor": 3.5
    },
    "认真": {
      "vision": 2.2,
      "socialness": 1.366666667,
      "emotion": 2.4,
      "time": 1.3,
      "space": 1.166666667,
      "motor": 2.266666667
    },
    "高兴": {
      "vision": 2.7,
      "socialness": 1.766666667,
      "emotion": 5.033333333,
      "time": 1.266666667,
      "space": 1.266666667,
      "motor": 4.466666667
    },
    "解决": {
      "vision": 1.6,